{
  "results": [
    {
      "command": "./false_sharing_12_128",
      "mean": 5.512123024159999,
      "stddev": 0.00031723898351647785,
      "median": 5.51205416026,
      "user": 11.011773739999999,
      "system": 0.001080648,
      "min": 5.511685838759999,
      "max": 5.51285025176,
      "times": [
        5.51245420976,
        5.511685838759999,
        5.511957056759999,
        5.51203605276,
        5.51210653376,
        5.51205612176,
        5.51285025176,
        5.512052198759999,
        5.5119515537599995,
        5.51208042376
      ],
      "exit_codes": [
        0,
        0,
        0,
        0,
        0,
        0,
        0,
        0,
        0,
        0
      ]
    },
    {
      "command": "./false_sharing_12_64",
      "mean": 5.51217542196,
      "stddev": 0.0004825568661364875,
      "median": 5.51199471126,
      "user": 11.01098164,
      "system": 0.0012216479999999999,
      "min": 5.51175172276,
      "max": 5.5133516257599995,
      "times": [
        5.51175172276,
        5.511856475759999,
        5.51191046576,
        5.5133516257599995,
        5.512523713759999,
        5.51226248676,
        5.511819378759999,
        5.51207895676,
        5.51189424976,
        5.51230514376
      ],
      "exit_codes": [
        0,
        0,
        0,
        0,
        0,
        0,
        0,
        0,
        0,
        0
      ]
    },
    {
      "command": "./false_sharing_16_128",
      "mean": 5.505887982959999,
      "stddev": 0.0004036469043711917,
      "median": 5.505820389759999,
      "user": 10.997595440000001,
      "system": 0.0014834479999999998,
      "min": 5.50533063376,
      "max": 5.50683259576,
      "times": [
        5.50578596276,
        5.50683259576,
        5.50620234276,
        5.5058997627599995,
        5.50533063376,
        5.505816007759999,
        5.5058247717599995,
        5.505517890759999,
        5.5058688687599995,
        5.505800992759999
      ],
      "exit_codes": [
        0,
        0,
        0,
        0,
        0,
        0,
        0,
        0,
        0,
        0
      ]
    },
    {
      "command": "./false_sharing_16_64",
      "mean": 5.506090584659999,
      "stddev": 0.0003630887346686562,
      "median": 5.5060526337599995,
      "user": 10.99896644,
      "system": 0.0010115759999999997,
      "min": 5.50550377976,
      "max": 5.50692781276,
      "times": [
        5.505908217759999,
        5.506207584759999,
        5.50692781276,
        5.5062630627599995,
        5.506052501759999,
        5.50614589076,
        5.50605276576,
        5.505952209759999,
        5.505892020759999,
        5.50550377976
      ],
      "exit_codes": [
        0,
        0,
        0,
        0,
        0,
        0,
        0,
        0,
        0,
        0
      ]
    },
    {
      "command": "./false_sharing_1_128",
      "mean": 6.0729845962599995,
      "stddev": 0.0010476306349237396,
      "median": 6.073049999259999,
      "user": 12.135961539999998,
      "system": 0.0013158479999999999,
      "min": 6.07085213276,
      "max": 6.07430382676,
      "times": [
        6.073718180759999,
        6.072872472759999,
        6.071735814759999,
        6.07281548776,
        6.07085213276,
        6.07360064576,
        6.07430382676,
        6.073227525759999,
        6.07396447676,
        6.072755398759999
      ],
      "exit_codes": [
        0,
        0,
        0,
        0,
        0,
        0,
        0,
        0,
        0,
        0
      ]
    },
    {
      "command": "./false_sharing_1_64",
      "mean": 6.07306101986,
      "stddev": 0.0013461980304483555,
      "median": 6.07277383726,
      "user": 12.13644794,
      "system": 0.000819904,
      "min": 6.07097660776,
      "max": 6.074668830759999,
      "times": [
        6.07268372376,
        6.07097660776,
        6.07248293276,
        6.07461041776,
        6.074668830759999,
        6.07460743176,
        6.073905012759999,
        6.07131789076,
        6.07249339976,
        6.0728639507599995
      ],
      "exit_codes": [
        0,
        0,
        0,
        0,
        0,
        0,
        0,
        0,
        0,
        0
      ]
    },
    {
      "command": "./false_sharing_2_128",
      "mean": 5.607615168659999,
      "stddev": 0.002739751207263331,
      "median": 5.60748439176,
      "user": 11.205326240000002,
      "system": 0.00119152,
      "min": 5.60360663976,
      "max": 5.61202995576,
      "times": [
        5.60360663976,
        5.60762611676,
        5.611805662759999,
        5.60593239176,
        5.61202995576,
        5.607904135759999,
        5.60870451176,
        5.606633619759999,
        5.607342666759999,
        5.60456598576
      ],
      "exit_codes": [
        0,
        0,
        0,
        0,
        0,
        0,
        0,
        0,
        0,
        0
      ]
    },
    {
      "command": "./false_sharing_2_64",
      "mean": 5.62377083376,
      "stddev": 0.00445868671796613,
      "median": 5.62530333626,
      "user": 11.23554154,
      "system": 0.000530704,
      "min": 5.6166682327599995,
      "max": 5.62954736676,
      "times": [
        5.625098908759999,
        5.62432047976,
        5.62954736676,
        5.62550776376,
        5.62592219776,
        5.616691073759999,
        5.620052032759999,
        5.6166682327599995,
        5.62773246276,
        5.62616781876
      ],
      "exit_codes": [
        0,
        0,
        0,
        0,
        0,
        0,
        0,
        0,
        0,
        0
      ]
    },
    {
      "command": "./false_sharing_3_128",
      "mean": 5.57416281876,
      "stddev": 0.0013217041223300152,
      "median": 5.574254101259999,
      "user": 11.13529334,
      "system": 0.0011153479999999997,
      "min": 5.57201417576,
      "max": 5.57614431776,
      "times": [
        5.574162867759999,
        5.57201417576,
        5.57614431776,
        5.57239756176,
        5.57573054376,
        5.574345334759999,
        5.57329487076,
        5.5740009407599995,
        5.574939038759999,
        5.57459853576
      ],
      "exit_codes": [
        0,
        0,
        0,
        0,
        0,
        0,
        0,
        0,
        0,
        0
      ]
    },
    {
      "command": "./false_sharing_3_64",
      "mean": 5.57742701946,
      "stddev": 0.003343840317025552,
      "median": 5.578883815259999,
      "user": 11.129596940000003,
      "system": 0.000954932,
      "min": 5.57080654376,
      "max": 5.580295662759999,
      "times": [
        5.578957591759999,
        5.57956083876,
        5.5788100387599995,
        5.579873366759999,
        5.580295662759999,
        5.57694272676,
        5.579809785759999,
        5.57705214576,
        5.57080654376,
        5.5721614937599995
      ],
      "exit_codes": [
        0,
        0,
        0,
        0,
        0,
        0,
        0,
        0,
        0,
        0
      ]
    },
    {
      "command": "./false_sharing_4_128",
      "mean": 5.56039218146,
      "stddev": 0.000378319318751367,
      "median": 5.560322107259999,
      "user": 11.109226840000002,
      "system": 0.0009398479999999999,
      "min": 5.56009824576,
      "max": 5.56141747576,
      "times": [
        5.56038412676,
        5.560399632759999,
        5.560120470759999,
        5.56141747576,
        5.56026008776,
        5.56039916576,
        5.5603989037599995,
        5.56019961076,
        5.56024409476,
        5.56009824576
      ],
      "exit_codes": [
        0,
        0,
        0,
        0,
        0,
        0,
        0,
        0,
        0,
        0
      ]
    },
    {
      "command": "./false_sharing_4_64",
      "mean": 5.560340215259999,
      "stddev": 0.00030366793835418665,
      "median": 5.56035869826,
      "user": 11.09866394,
      "system": 0.0011031199999999998,
      "min": 5.5597025237599995,
      "max": 5.560851994759999,