{
  "results": [
    {
      "command": "./false_sharing_12_128",
      "mean": 6.1888800078,
      "stddev": 0.0008064310311294118,
      "median": 6.188948653,
      "user": 12.37307384,
      "system": 0.001376836,
      "min": 6.1875991725,
      "max": 6.1903172025,
      "times": [
        6.1903172025,
        6.1891397965,
        6.1885210155,
        6.1875991725,
        6.1890124884999995,
        6.1896114925,
        6.1888848175,
        6.1877224045,
        6.1888713045,
        6.1891203835
      ],
      "exit_codes": [
        0,
        0,
        0,
        0,
        0,
        0,
        0,
        0,
        0,
        0
      ]
    },
    {
      "command": "./false_sharing_12_64",
      "mean": 6.2582104889,
      "stddev": 0.06409224471246455,
      "median": 6.2350605345,
      "user": 12.496538939999999,
      "system": 0.0015791359999999996,
      "min": 6.2058443845,
      "max": 6.4153734235,
      "times": [
        6.2124918245,
        6.2058443845,
        6.2440157905,
        6.2142380405,
        6.2198180385,
        6.2261052784999995,
        6.3068941635,
        6.2584298745,
        6.2788940705,
        6.4153734235
      ],
      "exit_codes": [
        0,
        0,
        0,
        0,
        0,
        0,
        0,
        0,
        0,
        0
      ]
    },
    {
      "command": "./false_sharing_16_128",
      "mean": 6.6461477626,
      "stddev": 0.000816156798064577,
      "median": 6.6465480955,
      "user": 13.284717140000001,
      "system": 0.0015123399999999998,
      "min": 6.6445704505,
      "max": 6.6469400515,
      "times": [
        6.6450824595,
        6.6462666825,
        6.6445704505,
        6.6454429925,
        6.6465015905,
        6.6466575765,
        6.6469400515,
        6.6466231655,
        6.6465946005,
        6.6467980565
      ],
      "exit_codes": [
        0,
        0,
        0,
        0,
        0,
        0,
        0,
        0,
        0,
        0
      ]
    },
    {
      "command": "./false_sharing_16_64",
      "mean": 6.943226962099999,
      "stddev": 0.28059905096309357,
      "median": 6.8499100125000005,
      "user": 13.877899339999999,
      "system": 0.000804128,
      "min": 6.6492457055,
      "max": 7.3781122695,
      "times": [
        7.0313076605,
        6.7990105315000005,
        6.6492457055,
        7.3688211415,
        6.9008094935,
        6.7202509785,
        6.6883637805,
        6.7170209165,
        7.1793271435,
        7.3781122695
      ],
      "exit_codes": [
        0,
        0,
        0,
        0,
        0,
        0,
        0,
        0,
        0,
        0
      ]
    },
    {
      "command": "./false_sharing_1_128",
      "mean": 7.427068473,
      "stddev": 0.0007794249320420017,
      "median": 7.427222223999999,
      "user": 14.844624539999998,
      "system": 0.001132332,
      "min": 7.4257441545,
      "max": 7.4281394925,
      "times": [
        7.4270435855,
        7.4270872905,
        7.4277338085,
        7.4274341655,
        7.4258194495,
        7.4257441545,
        7.4273571574999995,
        7.4281394925,
        7.4275678145,
        7.4267578115
      ],
      "exit_codes": [
        0,
        0,
        0,
        0,
        0,
        0,
        0,
        0,
        0,
        0
      ]
    },
    {
      "command": "./false_sharing_1_64",
      "mean": 7.4259239265999994,
      "stddev": 0.0008942478357982552,
      "median": 7.425768960499999,
      "user": 14.842677839999999,
      "system": 0.00160374,
      "min": 7.4242962985,
      "max": 7.4271894935,
      "times": [
        7.4268408855,
        7.4270340885,
        7.4257432885,
        7.4255944665,
        7.4257946325,
        7.4252888685,
        7.4271894935,
        7.4260717905,
        7.4242962985,
        7.4253854535
      ],
      "exit_codes": [
        0,
        0,
        0,
        0,
        0,
        0,
        0,
        0,
        0,
        0
      ]
    },
    {
      "command": "./false_sharing_2_128",
      "mean": 5.3488727573,
      "stddev": 0.0005416372533172965,
      "median": 5.349003076000001,
      "user": 10.690433439999998,
      "system": 0.0010860399999999997,
      "min": 5.3480028095,
      "max": 5.3494321825,
      "times": [
        5.3484901605,
        5.3480028095,
        5.3494321825,
        5.3487255775,
        5.3493709645,
        5.3480432985,
        5.3489509665,
        5.3490551855,
        5.3492506265,
        5.3494058015
      ],
      "exit_codes": [
        0,
        0,
        0,
        0,
        0,
        0,
        0,
        0,
        0,
        0
      ]
    },
    {
      "command": "./false_sharing_2_64",
      "mean": 5.464153843100001,
      "stddev": 0.0018025672256241027,
      "median": 5.463577653,
      "user": 10.80885654,
      "system": 0.00114074,
      "min": 5.4625184335,
      "max": 5.4677169375,
      "times": [
        5.4629279345,
        5.4636683335,
        5.4635602715,
        5.4672747615,
        5.4635033755,
        5.4636411645,
        5.4635950345,
        5.4631321845,
        5.4677169375,
        5.4625184335
      ],
      "exit_codes": [
        0,
        0,
        0,
        0,
        0,
        0,
        0,
        0,
        0,
        0
      ]
    },
    {
      "command": "./false_sharing_3_128",
      "mean": 5.2492820645,
      "stddev": 0.001550679308788149,
      "median": 5.2494661570000005,
      "user": 10.49235434,
      "system": 0.0010127359999999998,
      "min": 5.2466392115,
      "max": 5.2512046114999995,
      "times": [
        5.2466392115,
        5.2468942945,
        5.2486340805,
        5.2504997525,
        5.2490695065,
        5.2507197845,
        5.2512046114999995,
        5.2502270895,
        5.2498426095,
        5.2490897045
      ],
      "exit_codes": [
        0,
        0,
        0,
        0,
        0,
        0,
        0,
        0,
        0,
        0
      ]
    },
    {
      "command": "./false_sharing_3_64",
      "mean": 5.474613640599999,
      "stddev": 0.09250997781433344,
      "median": 5.44265923,
      "user": 10.922996040000001,
      "system": 0.00119984,
      "min": 5.4139621735,
      "max": 5.7259114485,
      "times": [
        5.4184918265,
        5.7259114485,
        5.4503163695,
        5.4941911185,
        5.4707114785,
        5.4350020905,
        5.4816244945,
        5.4214700765,
        5.4139621735,
        5.4344553294999995
      ],
      "exit_codes": [
        0,
        0,
        0,
        0,
        0,
        0,
        0,
        0,
        0,
        0
      ]
    },
    {
      "command": "./false_sharing_4_128",
      "mean": 5.419971583,
      "stddev": 0.0006681863886660478,
      "median": 5.420121439,
      "user": 10.83208924,
      "system": 0.00120184,
      "min": 5.4188543065,
      "max": 5.4210331595,
      "times": [
        5.4205289385,
        5.4200143435,
        5.4203773105,
        5.4193008975,
        5.4202285345,
        5.4203279495,
        5.4188543065,
        5.4197747475,
        5.4192756425,
        5.4210331595
      ],
      "exit_codes": [
        0,
        0,
        0,
        0,
        0,
        0,
        0,
        0,
        0,
        0
      ]
    },
    {
      "command": "./false_sharing_4_64",
      "mean": 5.5405604110999995,
      "stddev": 0.09195256904034782,
      "median": 5.522565611499999,
      "user": 11.07302334,
      "system": 0.0008905319999999998,
      "min": 5.4393290775,
      "max": 5.7569586135,
      "times": [
        5.5324093555,
        5.4870022635,
        5.5597037735,
        5.4572538765,
        5.7569586135,
        5.6200830915,
        5.4393290775,
        5.5405855115,
        5.4995566805,
        5.5127218675
      ],
      "exit_codes": [
        0,
        0,
        0,
        0,
        0,
        0,
        0,
        0,
        0,
        0
      ]
    },
    {
      "command": "./false_sharing_5_128",